Year,Month,Day,Time,Weekday,Text,Topic,Label2011,10,18,21:53:25,Now all @Apple has to do is get swype on the iphone and it will be crack. Iphone that is',apple,positive
2011,10,18,21:02:20,Hilarious @youtube video - guy does a duet with @apple 's Siri. Pretty much sums up the love affair! http://t.co/8ExbnQjY",apple,positive
2011,10,18,20:40:10,@RIM you made it too easy for me to switch to @Apple iPhone. See ya!',apple,positive
2011,10,18,19:30:39,The 16 strangest things Siri has said so far. I am SOOO glad that @Apple gave Siri a sense of humor! http://t.co/TWAeUDBp via @HappyPlace',apple,positive
2011,10,18,19:22:35,Great up close & personal event @Apple tonight in Regent St store!',apple,positive
2011,10,18,19:07:11,From which companies do you experience the best customer service aside from @zappos and @apple?',apple,positive
2011,10,18,18:35:43,Lmao I think @apple is onto something magical! I am DYING!!! haha. Siri suggested where to find whores and where to hide a body lolol',apple,positive
2011,10,18,18:16:09,RT @PhillipRowntree: Just registered as an @apple developer... Here's hoping I can actually do it... Any help, greatly appreciated!",apple,positive
2011,10,18,18:14:01,Wow. Great deals on refurbed #iPad (first gen) models. RT: Apple offers great deals on refurbished 1st-gen iPads http://t.co/ukWOKBGd @Apple',apple,positive
2011,10,18,18:05:50,Just registered as an @apple developer... Here's hoping I can actually do it... Any help, greatly appreciated!",apple,positive
2011,10,18,18:04:25,\xe4\xbd\xa0\xe5\xa5\xbd ! Currently learning Mandarin for my upcoming trip to Hong Kong. I gotta hand it to @Apple iPhones & their uber useful flashcard apps  \xee\x94\x96\xee\x94\x93',apple,positive
2011,10,18,17:41:43,Come to the dark side \xf0\x9f\x93\xb1\xe2\x80\x9c@gretcheneclark: Hey @apple, if you send me a free iPhone, I will publicly and ceremoniously burn my #BlackBerry.\xe2\x80\x9d',apple,positive
2011,10,18,17:01:58,Thanks to @Apple Covent Garden #GeniusBar for replacing my MacBook keyboard/cracked wristpad during my lunch break today, out of warranty.',apple,positive
2011,10,18,15:56:32,@DailyDealChat @apple Thanks!!',apple,positive
2011,10,18,15:50:05,iPads Replace Bound Playbooks on Some N.F.L. Teams http://t.co/2UXAWKwf @apple @nytimes',apple,positive
2011,10,18,15:41:41,@apple @siri is efffing amazing!!',apple,positive
2011,10,18,15:25:35,RT @TripLingo: We\'re one of a few "Featured Education Apps" on the @Apple **Website** today, sweet! http://t.co/0yWvbe1Z',apple,positive
2011,10,18,15:14:30,We\'re one of a few "Featured Education Apps" on the @Apple **Website** today, sweet! http://t.co/0yWvbe1Z',apple,positive
2011,10,18,15:12:22,We did an unexpected workshop for the #iPhone4S at @apple yesterday and we got an awesome amount of info #notjustaboutthephone @gamerchik16',apple,positive
2011,10,18,15:01:37,---\xc2\xbb RT @Apple No question bro. RT @AintEeenTrippin: Should I get dis iPhone or a EVO 3D?',apple,positive
2011,10,18,14:21:47,@Twitter CEO points to @Apple as 'corporate mentor' as @iOS signups triple http://t.co/GCY8iphN",apple,positive
2011,10,18,13:24:57,At the bus with my iPhone ;) thxx @apple',apple,positive
2011,10,18,13:12:27,@azee1v1 @apple @umber AppStore is well done, so is iTunes on the mobile devices.  I was talking about desktop app.',apple,positive
2011,10,18,11:50:18,NYTimes: Coach Wants to See You. And Bring Your iPad. http://t.co/J2FTiEnG #iPad @apple set red 42 red 42 hut hut @NFL wish I had an #iPad',apple,positive
2011,10,18,11:20:05,@apple @jilive @DanielPink: Apple sells 4 million iPhone 4S units in first weekend ... Steve Jobs brilliance lives on for ever! #iphone #RVA',apple,positive
2011,10,18,07:18:51,@bkad5161 than apologize to @apple ;)',apple,positive
2011,10,18,06:30:27,@Apple downloads of iOS 5 are proving popular with users  -- http://t.co/NSHLfiUX',apple,positive
2011,10,18,06:18:01,Lmfao look at the argument I had with Siri !!@ijustine @apple http://t.co/D4VjL7SI',apple,positive
2011,10,18,05:15:18,Incredible: 4 million iPhone 4Ss in 3 days. 135% better than the iPhone 4 http://t.co/1FMJxTMM @apple #iphone4s',apple,positive
2011,10,18,03:41:23,Well @apple fixed my #ios5 battery drain problem with a replacement iPhone 4 -- it's working like a champ now",apple,positive
2011,10,18,03:15:59,Currently ordering a BRAND NEW MACBOOK PRO!!! Bahhh... my MacBook is 5 years old. I'll miss it. But it's time. cc: @Apple -",apple,positive
2011,10,18,02:06:26,#Siri now knows who my dad, mom, brother and girlfriend is.  Thanks @apple',apple,positive
2011,10,18,02:05:18,Well at least the @apple store has amazing call waiting music! #need4s',apple,positive
2011,10,18,01:50:17,#sweet... #apple replaced my glass #probono. thank you @apple',apple,positive
2011,10,18,01:30:56,Not Bad! @Apple Sells Over 4 Million #IPhones in Debut Weekend - Bloomberg http://t.co/AVSl3ygU - #smartphone #sm RT @VinodRad',apple,positive
2011,10,18,01:18:05,loving new technology from @apple iPhone 4s, mac air and iCloud are unreal #technology',apple,positive
2011,10,18,00:49:03,I'm loving this new IOS5 update :) @apple",apple,positive
2011,10,18,00:42:22,Another mention for Apple Store: http://t.co/fiIOApKt - RT @floridamike Once again getting great customer service from the @apple store ...',apple,positive
2011,10,17,23:59:19,Time to go get my iPhone 4s.  Looking forward to sticking it to the man by no longer paying for most texts.  Thanks @apple.',apple,positive
2011,10,17,23:37:29,hey @apple I hate my computer i need a #mack wanna send me a free one.',apple,positive
2011,10,17,23:24:52,#iCloud set up was flawless and works like a champ! To the Cloud @Apple',apple,positive
2011,10,17,23:22:04,@Wisconsin_Mommy @Apple I'd totally email the company... I always get great service at our @Apple store!",apple,positive
2011,10,17,22:38:18,@apple loving the new IOS5 upgrade for the iPhone!',apple,positive
2011,10,17,22:33:41,Once again getting great customer service from the @apple store at millenia mall.',apple,positive
2011,10,17,22:17:59,Is it just me or is #iOS5 faster for the iPad? @apple',apple,positive
2011,10,17,22:08:32,making the switch from @Android to @Apple #iphone #iphone4S #smartphone #stevejobs (@ Apple Store) http://t.co/kj6pJvkH',apple,positive
2011,10,17,21:37:21,So THANKFUL for the incredible people @apple for going above and beyond and offering to and replacing my  water-damaged Macbook Pro!!! Wow!',apple,positive
2011,10,17,21:01:10,Play on ma man. Loving the camera in the #iphone4s. Well done @apple  #fb http://t.co/tmdFqRe1',apple,positive
2011,10,17,20:39:00,So yeah... @apple #iOS5 #readinglists have changed my life. #nowicanspendevenmoretimeonmyphone.',apple,positive
2011,10,17,20:08:14,@Apple Safari Reader owns the worldwide web',apple,positive
2011,10,17,19:38:59,I love @apple service . My case has cracked 3x and I go in and they hand me a case and I walk out',apple,positive
2011,10,17,19:00:39,Said to have laid out the next 4 years @apple.Jobs last iPhone is 2012 not the iPhone4S. iPhone(4G/5) 2012 is magical! http://t.co/DxxklUBp',apple,positive
2011,10,17,18:32:14,i used to be with @blackberry over 4-5yrs .. after all the disruptions and lost gigs thx to their service im moving to @apple #iphone',apple,positive
2011,10,17,18:20:38,Apple sells 4 million iPhones in 3 days @apple keep doing what you are doing, because you are doing it well! http://t.co/ZZc6bE0w',apple,positive
2011,10,17,16:56:46,4 millions in a weekend, 16 #iPhone4S per second. This is madness?! no, this is @Apple !!!',apple,positive
2011,10,17,16:40:37,.@apple you got me. I'm now invested. MacBook Pro next year. Time to get on selling more of my #android gear",apple,positive
2011,10,17,15:39:14,I just sent my grandma a post card using my #CardsApp thanks @Apple',apple,positive
2011,10,17,14:54:56,@KostaTsetsekas @apple Putting it in the wash is kind of the equivalent to "Will it blend?" Glad to hear it\'s still alive.',apple,positive
2011,10,17,14:25:04,God Bless @YouTube, @apple for  #appletv & our bad ass system. LOVING #PrincessOfChina. GB to @coldplay & @rihanna too :)',apple,positive
2011,10,17,13:26:21,Been off twitter for a few days as I smashed my iPhone but @apple were very nice and gave me a new one :)',apple,positive
2011,10,17,13:21:42,Thank you @Apple iOS 5 for email pop up on the lock screen and opening it when unlocking.',apple,positive
2011,10,17,13:15:57,One word - #wow. RT @jldavid iPhone 4S First Weekend Sales Top Four Million: http://t.co/Zx5Pw0GT (via @apple)',apple,positive
2011,10,17,11:53:42,RT @MN2NOVA: Love ios5 Easter eggs. Pull down from middle top to bottom and see what pulls down. Awesome little feature! #ios5 @apple',apple,positive
2011,10,17,11:49:20,Love ios5 Easter eggs. Pull down from middle top to bottom and see what pulls down. Awesome little feature! #ios5 @apple',apple,positive
2011,10,17,11:46:32,Love #ios5 Easter eggs. Pull down from middle top to bottom and see what pulls down. Awesome little feature! @apple #lovemyiphone',apple,positive
2011,10,17,08:27:01,Gone for a run, beautiful morning , man do I love iOS 5 @apple, #iPhone',apple,positive
2011,10,17,07:46:17,@apple your simply the best.',apple,positive
2011,10,17,04:47:03,I must admit @apple has made me a very happy camper! I have text tones now! Lol! Ring tone: #MakeMeProud Drakes vers! Text tone: Nicki's",apple,positive
2011,10,17,00:23:56,Day305, I'm thankful for the great customer service received today from @Apple via phone CS, new phone on the way #365daysofgratefulness",apple,positive
2011,10,17,00:00:13,Loving the new iPod update @apple',apple,positive
2011,10,16,23:39:51,@alexlindsay My wife upgraded her iPhone 4. I think Siri alone is worth the upgrade. Looking forward to @Apple continuing to enhance Siri.',apple,positive
2011,10,16,23:25:12,@SteveJobs being honored tonite @Apple...A truly great loss to the world.He will so be missed',apple,positive
2011,10,16,23:19:14,Thx @instagram Thx @apple #hypo #D-76 #tri-x http://t.co/D7EeJHBT',apple,positive
2011,10,16,23:04:09,Loving my new #iPhone4S thanks @apple for #ios5',apple,positive
2011,10,16,22:34:27,@apple the iPhone 4s is great #genius',apple,positive
2011,10,16,21:17:17,@apple Siri is amazing',apple,positive
2011,10,16,21:00:07,Meet #Siri, your new iPhone butler. Click the link and be amazed by all it can do: http://t.co/lvfFdCEL @Apple',apple,positive
2011,10,16,20:19:39,So, I am using my work PC (NEVER EVER) to get a feel for it; it has the worst speakers ever!! @apple you have spoiled me!! #imamac',apple,positive
2011,10,16,20:08:17,I \xe2\x99\xa5 @Apple http://t.co/a8on3IAa',apple,positive
2011,10,16,20:00:25,@apple just got the new iOS5 upgrade with iMessage...good luck surviving now @BlackBerry',apple,positive
2011,10,16,19:21:45,Loving #iOS5 !! #awesome @Apple',apple,positive
2011,10,16,19:03:18,RT @MattyRiesz: @kathrynyee You were right, an iPhone is a must have. #addicted {WELCOME TO THE @APPLE CLUB}',apple,positive
2011,10,16,17:44:31,@Apple's Siri is witchcraft.  What's next @googleresearch. 2 yr lead lost?",apple,positive
2011,10,16,17:26:49,@Apple iOS 5 is sweet! Notifications, phone search covers mail now, wifi sync, iCloud backup and integrated Twitter are all well done.',apple,positive
2011,10,16,17:05:50,RT @katebetts: Another great James Stewart story in today's NY Times about importance of architecture in @apple retail success http://t. ...",apple,positive
2011,10,16,16:33:41,Another great James Stewart story in today's NY Times about importance of architecture in @apple retail success http://t.co/Kniz452s",apple,positive
2011,10,16,15:38:43,Welcome to the twitter world @MarkStuver. This is due to #iOS5 and @apple thanks guys.',apple,positive
2011,10,16,14:55:16,Impressive service @apple genius bar metro centre. Power cable replaced free n booked in for screen replacement for free :- D',apple,positive
2011,10,16,13:23:10,RT @deb_lavoy: the nice guy at the @apple store replaced my phone gratis when I showed him the hairline  crack on the screen. thanks @apple',apple,positive
2011,10,16,13:21:16,the nice guy at the @apple store replaced my phone gratis when I showed him the hairline  crack on the screen. thanks @apple',apple,positive
2011,10,16,12:34:19,My iPhone 4S battery lasted longer than a day. That hasn't happened since my edge iPhone. Nice job, @apple.",apple,positive
2011,10,16,12:23:02,It would have taken me 15 mins to write this with my #Blackberry. Thank u @Apple 4s for converting me and showing me the grass is greener!',apple,positive
2011,10,16,11:53:12,RT @herahussain: @RickySinghPT got a new backside for my eye phone! V impressed with @apple',apple,positive
2011,10,16,11:46:04,@RickySinghPT got a new backside for my eye phone! V impressed with @apple',apple,positive
2011,10,16,11:44:25,#iPhone 4S in Space http://t.co/jINNHVwz this is amazing #creative @apple your products inspire people to do unbelievable things',apple,positive
2011,10,16,10:50:53,Thank you @apple for making my iPad 2 feel like new again with your new iOS 5!',apple,positive
2011,10,16,09:21:22,Using my awsome iPad... I love it. I love my MacBook too and my iPod. It's all amazing! I love @apple",apple,positive
2011,10,16,09:20:11,@apple iOS 5 upgrade done ...... Much better feature..... Few more feature required',apple,positive
2011,10,16,08:57:11,New iOS 5 update is THE BEST. iloveyou @apple',apple,positive
2011,10,16,06:33:31,Finally got my iPhone 4S, thanks @Apple. Stupid @att. Learned my lesson.',apple,positive
2011,10,16,06:17:19,I absolutely love my iPhone 4S. Thank you, Steve and @apple.',apple,positive
2011,10,16,04:10:17,@apple - you have invented a product that actually gets my brother to call my parents when he gets where he's going. Amazing. #siri #ipod4s",apple,positive
2011,10,16,03:44:48,dammit, listening to siri is making me want to upgrade. well played @apple.',apple,positive
2011,10,16,03:07:40,Create new folders from within your photo album in #iOS5, finally!! Thanks @Apple, that's been a thorn in my side for a while. #newfeature",apple,positive
2011,10,16,02:47:19,@Blackberry & @Facebook U R really about to make me throw this @Blackberry in the trash an get an @Apple iPhone! @Facebook upload issues!',apple,positive
2011,10,16,02:13:10,#iOS5 update submitted to @apple! Thanks for all the support!',apple,positive
2011,10,15,23:46:06,Awesome service from the @apple store in pc. Thanks chris!',apple,positive
2011,10,15,22:32:14,I am crazy about #iOS5 . The photo cropping is the best! @apple',apple,positive
2011,10,15,22:13:53,.@apple thanks for fixing this... http://t.co/wTj1ogDO',apple,positive
2011,10,15,20:52:23,@apple has changed life.',apple,positive
2011,10,15,20:39:54,Mad props to the @apple employee that didn't charge me to replace the back plate on my iPhone! Made my day!",apple,positive
2011,10,15,18:40:51,The #iphone4s is  amazing. Siri's voice recognition is absolutely a step above previous attempts. Bravo @apple",apple,positive
2011,10,15,17:06:45,#iOs5 is nice and as it had to be ! Thanks @Apple',apple,positive
2011,10,15,16:50:23,Good support fm Kevin @apple #Bellevue store 4 biz customers TY!',apple,positive
2011,10,15,15:54:04,@Apple: Siri is amazing!!! I'm in love!",apple,positive
2011,10,15,11:04:38,Love love love iOS 5!! @apple',apple,positive
2011,10,18,22:06:03,RT @cjwallace03: So apparently @apple put MB cap on your SMS with the new update. 25mb storage before it tells you your inbox is full. W ...',apple,negative
2011,10,18,22:00:04,RT @Jewelz2611 @mashable @apple, iphones r 2 expensive. Most went w/ htc/galaxy. No customer loyalty w/phone comp..',apple,negative
2011,10,18,21:58:36,@mashable @apple, iphones r 2 expensive. Most went w/ htc/galaxy. No customer loyalty w/phone comp..',apple,negative
2011,10,18,21:35:44,@apple why my tunes no go on my iPhone? iPhone lonely without them. silly #iOS5',apple,negative
2011,10,18,21:33:28,@apple needs to hurry up and release #iTunesMatch',apple,negative
2011,10,18,21:29:54,Why is  #Siri always down @apple',apple,negative
2011,10,18,21:26:36,I just need to exchange a cord at the apple store why do I have to wait for a genius? @apple',apple,negative
2011,10,18,21:23:22,@apple AirDrop #fail - Immediate "declined your request." every time',apple,negative
2011,10,18,21:11:59,Yellowgate? Some iPhone 4S Users Complain of Yellow Tint to Screen http://t.co/uaqrxTNk @apple @iphone4s',apple,negative
2011,10,18,21:11:24,The one #iphone feature still missing since @apple first showed it.. Contacts pictures on the contacts list! Simple yet 5 major updates miss',apple,negative
2011,10,18,20:53:55,Asked siri is she dreams of electric sleep. Was disappointed that she didn't have a snippy answer.  Missed opportunity @apple",apple,negative
2011,10,18,20:24:22,FUCK YOU @apple DIE IN A FUCKING BLAZE INFERNO.',apple,negative
2011,10,18,20:21:11,Oh, @apple. Steve obviously had nothing to do with iPhoto, as it's the perfect opposite of 'insanely great'. Get it fixed, please.",apple,negative
2011,10,18,19:51:55,shit, shit, shit. IOS5 update ate all my apps, data and media just like @apple said it would. This is going to take some time to rebuild.',apple,negative
2011,10,18,19:43:40,. @apple & @AT&T u cannot tell me there isn't at least 1 64GB iPhone 4S in LA or Vegas!! Give me a fucking break!!!!",apple,negative
2011,10,18,19:40:03,Love @apple downloads. 4 hours and i-pad now wonky! #ripstevejobs #thenonsensepersists #neednewipadguide #fatfuckingchance',apple,negative
2011,10,18,19:37:56,Dear @apple My new Air is now a notbook since your update killed #wifi #bug #destroying #productivity',apple,negative
2011,10,18,19:34:15,I am so done with @Att and @apple 's profitering and lack of customer service, so fucking down with both!!!",apple,negative
2011,10,18,19:21:10,@apple thank you for ruining my 3GS with #iOS5. You've just turned my phone into an utterly useless pile of shit.",apple,negative
2011,10,18,19:13:33,@rogerweir no but I have the option of a  replacement iPhone 4s ?Not sure if I want one after having 2 duff iPhones.@O2 @iphone4s @apple',apple,negative
2011,10,18,19:02:52,So apparently @apple put MB cap on your SMS with the new update. 25mb storage before it tells you your inbox is full. What is this 2001?',apple,negative
2011,10,18,19:00:17,You know @apple It's been almost a week since I paid for iTunes Match, I would really like to use it. Any ETA on a fix?",apple,negative
2011,10,18,18:24:58,removing all @apple shit.',apple,negative
2011,10,18,18:18:19,So @PhoenixSwinger 's iPhone 4 is giving her a hella hard time w/ the iOS5 update @apple",apple,negative
2011,10,18,18:05:41,@Apple can't send me an iPhone preordered 1hr after launching but they cans send 5 or 10 to all the jackasses who want to shoot or blend 'em",apple,negative
2011,10,18,18:05:34,Gotta say the @Apple itouch iphone shuffle etc.. sound quality is AWFUL.. painfully crap. Its been a downgrade from @Sony sound quality wise',apple,negative
2011,10,18,18:02:49,@bisquiat @Apple the upgrade just slows down my phone so much, it's stuck half the time. uch. thankfully no other damage. sucks for you :(",apple,negative
2011,10,18,18:01:25,@Mayati I think @Apple didn't do such a thorough job with the step x steps for upgrade and move to iCloud. Now it's cost me mightily.",apple,negative
2011,10,18,17:51:05,Hey @apple now I have iOS5 my iPhone doesn't include songs that are on compilation albums under the artist's name. #whaddupwitdat",apple,negative
2011,10,18,17:40:32,@NickTheFNicon He can send but not rcve txts so he has an apt @apple at 4pm.Then he exclaims: And I waited a whole YEAR for this phone!!LMAO',apple,negative
2011,10,18,17:25:25,Total chaos at @apple store regent street. Like an Ethiopian feeding station. Can't believe this is same co. that makes all that cool shit.",apple,negative
2011,10,18,17:10:33,@FishMama: If you made a purchase, just wait for the @apple survey! hate going b/c of the bad #custserv',apple,negative
2011,10,18,17:08:35,Correction: @ Best Buy kudos to Chris @ Alamo Ranch S.A. TX-fixed issues couldn't resolve after 1/2 day w/ @ATT & @Apple. Hero of my day!",apple,negative
2011,10,18,17:07:35,@phxguy88 @Apple @BGR That\'s why all the ppl who stand in line for hrs to get the "newest" model are suckers...',apple,negative
2011,10,18,17:05:44,Would it kill @apple to put a braille type bump on their earbuds so we know which bud is R and L in the dark.',apple,negative
2011,10,18,16:31:29,@APPLE Wow @MOTOROLA Just crushed your dreams....',apple,negative
2011,10,18,16:18:30,Oh, just fuck you, @apple. Already?? ---&gt;  iPhone 5 on schedule for summer launch? http://t.co/Ofh9PTaG via @BGR',apple,negative
2011,10,18,16:04:31,@apple, No, I won't wait until thursday for an available appointment just so a 'genius' can tell me I'm shit out of luck. #now",apple,negative
2011,10,18,15:51:39,@Apple, on the #iPad with #iOS5, why has the Messages Icon been included when it can't be used?",apple,negative
2011,10,18,15:50:56,@Steelo254 yea! I pre-order through @apple and they sorry too just like #AT&T',apple,negative
2011,10,18,15:49:41,Interesting... @apple now requires you to have a reservation ?         #apple #iphone #4S    :  http://t.co/zZK4fTii',apple,negative
2011,10,18,15:38:08,@apple why is my iPhone battery so crappy #fail',apple,negative
2011,10,18,15:33:37,My @Apple @macbook keyboard will not type :(',apple,negative
2011,10,18,14:56:19,Why doesn't @apple iCloud sync Stickies? They've always been around, just nothing every progressed w/ them!! Why apple why?  @gruber",apple,negative
2011,10,18,14:52:13,@apple, your new "Save a Version" function in Pages is absolutely the most awful, interrupting, counter-intuitive piece of crap in the world',apple,negative
2011,10,18,14:42:07,I hate my @apple computer.  Thats 3500 dollars down the drain.',apple,negative
2011,10,18,14:23:30,@apple my iPhone is charging very slowly!!!!!',apple,negative
2011,10,18,14:11:33,@Apple #iOS5 gm on ipad1 is very slow wash better on beta7/8 solve this problem, or give me the ipad2',apple,negative
2011,10,18,14:03:23,@apple Wish I could pick month, day, and YEAR when setting a new calendar item on my iPhone. Why hasn't the new iOS fixed this yet?!",apple,negative
2011,10,18,13:43:33,@Apple iTunes is the worst program ever. For such a great phone, you make some awful software.',apple,negative
2011,10,18,13:21:37,One would think the voice recognition on the @apple tech support line would work a little better.',apple,negative
2011,10,18,13:08:51,@apple $319 to repair my iPad 2, Apple you've lost me and my $700 a year, Android here I come!",apple,negative
2011,10,18,12:58:35,@azee1v1 @apple @umber Proper consolidation, proper syncing, stop losing my PURCHASED items, checkboxes that do what you think they will do.',apple,negative
2011,10,18,12:56:45,@AsimRang @apple @umber the desktop app is wack though',apple,negative
2011,10,18,12:53:47,I made a reservation and yet I still have to wait in line. Humpt! Oh @apple (@ Apple Store w/ 2 others) http://t.co/JZmVBdNm',apple,negative
2011,10,18,11:25:43,Dear @apple. I had to turn off all those awesome featured you just enabled. Data plan can't handle it. 200 mb of data just because #",apple,negative
2011,10,18,10:59:31,#DontBeMadAtMeBecause #Android is by far better than @Apple',apple,negative
2011,10,18,10:45:37,@apple is there a problem with iOS 5 that is preventing audio apps and audio functions from operating properly? I keep losing sound.',apple,negative
2011,10,18,10:30:14,@apple #apple One thing I hater about this #mouse the #buttery finish so fast am not #happy now #macworld @macworld http://t.co/5Uh4a4Vt',apple,negative
2011,10,18,10:18:00,Hey @Apple: stop sending your automatically-depreciate-all-iPhones-older-than-the-4s signal. My #iPhone4 is dying rapidly processor-wise.',apple,negative
2011,10,18,10:08:32,Only thing bad about the new @canon camera is that it has two compact flash cards... not one of SD. SD goes in my @apple computer. Damn you!',apple,negative
2011,10,18,09:03:39,Wtf @apple 64 pages for the new terms & conditions when u update ur apps from the iTunes store. Do u really think we'll read em? Really???",apple,negative
2011,10,18,06:53:05,fuck u @apple',apple,negative
2011,10,18,06:52:44,oh and prolly ganna be late to work bc @apple has screwed me and my phone has my only alarm on it',apple,negative
2011,10,18,06:51:49,why the fuck dose my phone decide its just ganna freeze every time i try to update it so fucking sick of @apple',apple,negative
2011,10,18,06:51:41,. if u need me just text me o wait u i wont get it cuz @apple fucks me every time #fuckingpissed',apple,negative
2011,10,18,05:25:51,Like @apple da fuck is this shit?  http://t.co/nb4DHlSg',apple,negative
2011,10,18,05:10:53,RT @CircusTK: I'm wit chu!! \xe2\x80\x9c@ShayDiddy: Officially boycotting @ups!!! Calling @apple to curse them out next for using them wasting my t ...",apple,negative
2011,10,18,05:10:37,Damn it @Apple!! Whatchu done to my phone??',apple,negative
2011,10,18,04:53:07,Samsung seeks iPhone 4S ban in Japan and AustraliaPatent war intensifies with injunction sought against @Apple http://t.co/QmwjTvnk',apple,negative
2011,10,18,04:38:59,@apple, why is it every time there is iOS software update my iPad goes dead and I need to totally restore? #fail',apple,negative
2011,10,18,04:31:07,@apple #iOS.5 has been nothing but a pain in the ass no room for my music.. Or photos.. Or apps! Can I undo this garbage??',apple,negative
2011,10,18,04:20:17,@apple the reservation system not working, shows no products avail let alone iphone 4s I had the site open in 3 browsers at 9 PM and nothing',apple,negative
2011,10,18,03:53:50,@albertmal88 remember @apple is evil. #icloud entering the #dropbox market',apple,negative
2011,10,18,03:43:43,I know a few others having same issue RT @Joelplane: 9% now on my second full charge of the day. Pissed @Apple',apple,negative
2011,10,18,03:42:31,9% now on my second full charge of the day. Pissed @Apple',apple,negative
2011,10,18,03:10:06,RT @ShayDiddy: @CircusTK @ups @apple both of them are bs!!! How do u tell me go between a certain time ONLY and the muh fuh is closed!',apple,negative
2011,10,18,03:04:36,I'm wit chu!! \xe2\x80\x9c@ShayDiddy: Officially boycotting @ups!!! Calling @apple to curse them out next for using them wasting my time!\xe2\x80\x9d",apple,negative
2011,10,18,02:56:50,iTunes is @apple's worst product. Worse than the #Newton or the hockey puck mouse. It's utterly painful to use.",apple,negative
2011,10,18,02:52:56,De\xc3\xa1r iCloud I HATE U , AND I HOPE YOU DIE , YOU ARE THE WORST FUCKING INVENTION IN THE WORLD , FUCK YOUUUUUUUUUUUU #iCloud @apple @stevejobs',apple,negative
2011,10,18,02:48:25,i update to ios 5 and lose everything on my phone and it wont let me sign into my itunes account... thanks @Apple',apple,negative
2011,10,18,02:11:42,Issues with updating iTunes on my windows pc - they really are not compatible.... Sent more time talking to @Apple care than using it!!',apple,negative
2011,10,18,01:26:57,@apple u guys are gay',apple,negative
2011,10,18,00:58:23,Restored my iPhone. STILL NO TEXTS. DEAR @APPLE Y NO LOVE, Y RESTRICTIONS ON MY SMS?  Y NO TEXTS.... #iOS5 #iOS5atemydingo',apple,negative
2011,10,18,00:44:05,none of my apps work after the new ios from @apple. what do i do?!?',apple,negative
2011,10,18,00:36:13,Seemingly endless loop of calls to @apple, @ups, @verizonwireless to investigate my missing #iphone4s. #crankywithnophone',apple,negative
2011,10,18,00:16:43,@Wisconsin_Mommy @apple that's terrible!  I hope you get an apology!",apple,negative
2011,10,18,00:13:12,@zombiebomber have been on the phone with @verizonwireless and @apple pretty much ever since then. Really annoyed.',apple,negative
2011,10,18,00:03:14,@chascouponmom @apple I get they are busy w/ the new phone, but I just wanted to buy a stylus. they made me wait forever outside & never',apple,negative
2011,10,17,23:55:59,@apple @iphone Please deliver my daughter's i4s, she is driving me nuts #iphone",apple,negative
2011,10,17,23:38:31,Hey @apple, the SMS full message is complete shit. Yes, I'm annoyed.",apple,negative
2011,10,17,23:20:24,Have never had such poor customer service at @Apple before! What happened? (@ Apple Store w/ 2 others) http://t.co/GKlXMUi6',apple,negative
2011,10,17,23:14:04,@Apple your service experience is really fucking slipping (except for cute, eyelash batting girlies). (@ Apple Store) http://t.co/dOHDEnMg',apple,negative
2011,10,17,22:55:46,What was @apple thinking making #Siri totally dependent on a network connection? Siri + @ATT = utter frustration.',apple,negative
2011,10,17,22:33:07,Wow the Genius Bar Reservation Line @Apple is ridic right now - ___- I am not amused. #ugh',apple,negative
2011,10,17,21:56:41,Where is my iPhone!?!?!?!@apple',apple,negative
2011,10,17,21:55:24,@apple battery life suck on iOS 5',apple,negative
2011,10,17,21:41:03,An apple update has seemed to render my work machine incapable of opening HDV video. Thanks @Apple. Zero useful productivity today.',apple,negative
2011,10,17,21:19:46,@apple I committed to your cloud storage iDisk and now it's raining :-( so soon no more iDisk.  Any plans for a new service for storage?",apple,negative
2011,10,17,21:18:27,Hey @apple why can't I share a reminder list from my iPhone?Also why can't I login to the iCloud webpage to modify sharing from my phone?",apple,negative
2011,10,17,20:52:15,Apparently fuzzball crashes on #iOS5. Congratulations @apple on another incompatible upgrade',apple,negative
2011,10,17,20:39:02,Can someone plz explain to me whhyy @apple is only distributing 2-3 phones per day to the sprint stores. I'm really ... http://t.co/uf9taK8f",apple,negative
2011,10,17,20:28:57,GAH. @apple iOS 5 opens text messages painfully slow, on top of 3 restore attempts 2 succeed. Early adopterness gets better of me.',apple,negative
2011,10,17,20:24:51,Dear @apple: Why did all my PDFs and ePub files disappear from ibooks in my iPhone post ios5 upgrade? This hurts. #3GS #needsomethingtoread',apple,negative
2011,10,17,20:20:04,\xe2\x80\x9c@CBM: Lies @apple. the battery on this new iPhone4S is definitely not any better.\xe2\x80\x9d &lt;&lt; check Settings: 8 times more App usage in iOS 5',apple,negative
2011,10,17,19:45:48,As a huge podcast fan - I really feel like @Apple dropped the ball on this one. http://t.co/wvzPrbCI via @Carrypad',apple,negative
2011,10,17,19:33:56,I don't really like Siri's voice. Perhaps @apple can get Star Wars voices just like @garmin http://t.co/pSUJg9pN",apple,negative
2011,10,17,19:27:49,\xe2\x80\x9c@carlton858: I really hate dealing with the brain dead people at the @apple store. For such good products, customer service sucks.\xe2\x80\x9d in NZ?',apple,negative
2011,10,17,19:21:31,I really hate dealing with the brain dead people at the @apple store. For such good products, customer service sucks.',apple,negative
2011,10,17,19:12:52,Anyone else seeing missing signal bars on their #iPhone 3GS with an upgrade to #iOS5? cc/ @applecanada @apple @forstall',apple,negative
2011,10,17,18:57:20,RT @CBM: Lies @apple. the battery on this new iPhone4S is definitely not any better.',apple,negative
2011,10,17,18:49:36,Updating to IOS5 with my regular iphone4 just made it slower and messed up.. @apple give me a free 4S and we can call it even, thanks',apple,negative
2011,10,17,18:46:13,@apple If you want to know what customers think dont send updates with the "noreply" return address. Who invented that anyway. #useless',apple,negative
2011,10,17,18:37:41,Every time I try the voice control on my iPod Touch to send an iMessage, it starts playing "Who Knew" by Pink.  Still not Flawless @Apple',apple,negative
2011,10,17,18:28:25,Ok Hindi keyboard in #iOS5 is something to cheer about.  But @apple  what about  support for 20+ missing Indian languages!? #FAIL',apple,negative
2011,10,17,18:20:33,RT @ScottDugas: Warning: if iphone apps spontaneously loose data, it might not be the app's fault - http://t.co/1SEsvWwm #ios5downgrade  ...",apple,negative
2011,10,17,18:07:32,@betweensundays Ah! Yeah...should be an option...hopefully @apple figures that out. Thx',apple,negative
2011,10,17,18:03:06,"Waiting for items to copy" in Itunes after everything DID copy goes on, and on, and on.  Come on @Apple, what the hell?',apple,negative
2011,10,17,18:01:55,@Apple unhappy again with service/product quality. Won't buy @Apple again.",apple,negative
2011,10,17,18:00:27,Lies @apple. the battery on this new iPhone4S is definitely not any better.',apple,negative
2011,10,17,17:38:25,\xe2\x80\x9c@philipgrey: dear @apple, why you gotta go change the way &lt;input type="number"&gt; is handled out of the blue?\xe2\x80\x9d',apple,negative
2011,10,17,17:34:09,Been on hold with @apple customer service for 25 minutes. Wow, lt's like they're #timewarnercable.",apple,negative
2011,10,17,17:32:01,anyone else stuck in duped calendar/mail/battery sucking @apple hell? #iCloud and #OSX Lion are a disappointment',apple,negative
2011,10,17,17:05:04,@Apple you're killing me. Excited about iOS5 no longer- tragic battery drain, genius bar wants to replace the battery. Really?",apple,negative
2011,10,17,16:56:18,1st impressions  of #iOS5- Disappointed w upgrade restore. Lot of apps & folders missing @apple do  how much time went in2 orging it? #fail',apple,negative
2011,10,17,16:47:00,@PrJusto Don't question the @Apple they will remember your dissent!",apple,negative
2011,10,17,16:42:07,@apple: Multiple times siri is "having trouble connecting to the network."  Siri needs servers (and some exercise!)',apple,negative
2011,10,17,16:40:00,RT @JimMcNiel: if @apple does not resolve the #Siri network issues they will need to rename a great product to Sorri - Who else is havin ...',apple,negative
2011,10,17,16:36:11,dear @apple, why you gotta go change the way &lt;input type="number"&gt; is handled out of the blue?',apple,negative
2011,10,17,16:22:26,Ugh. WTF is up with all the bottlenecks @paypal @apple?',apple,negative
2011,10,17,16:08:21,+1  RT @Doug_Newton: @apple PLEASE FIX #Siri!!!! She can't connect to your network!!!!!!!",apple,negative
2011,10,17,16:06:46,@apple PLEASE FIX #Siri!!!! She can't connect to your network!!!!!!!",apple,negative
2011,10,17,16:06:14,if @apple does not resolve the #Siri network issues they will need to rename a great product to Sorri - Who else is having issues?',apple,negative
2011,10,17,16:00:07,any chance @apple will release good headphones that dont blast music outside the ears? #iphone #ipod its quite obnoxious',apple,negative
2011,10,17,15:55:56,@Apple - #Siri is not working due to "network problem"? Seriously? Can you fix this? #iPhone4s #Fail',apple,negative
2011,10,17,15:50:06,@electricsoup It has to connect to @Apple to process commands, which it is failing to do right now',apple,negative
2011,10,17,15:43:05,See @Apple, that what's happen when you release iPhone 4S with same crappy design as the old phone!",apple,negative
2011,10,17,15:38:51,This. RT @bonkoif Looks like @Apple did not appropriately project the resources needed for Siri. Not very reliable',apple,negative
2011,10,17,15:36:29,Looks like @Apple did not appropriately project the resources needed for Siri. Not very reliable',apple,negative
2011,10,17,15:29:05,Spoke to an @Apple rep on phone & could hear her tv blaring in the bg.  She said, "I can\'t actually help u, just direct u back to the web"',apple,negative
2011,10,17,15:28:41,What's wrong with Siri today @apple",apple,negative
2011,10,17,15:28:21,@Apple Siri is down!',apple,negative
2011,10,17,15:21:43,I'm suspecting @Apple timed the health-decline of my iPhone 4 perfectly with the iPhone 4s release... My battery is seriously ailing.",apple,negative
2011,10,17,15:05:27,Ok this @Apple software update for the #iphone is taking waaaaay too long!#annoyed',apple,negative
2011,10,17,14:46:38,@Apple would do better to inform customers properly about migrating to #iCloud - many complaints lead to #image damage http://t.co/QL7zmPpO',apple,negative
2011,10,17,14:12:29,@jane73 @Gazmaz hopefully it's a small bug @Apple must be fixing it. RIGHT  APPLE }:0( #itjustworks",apple,negative
2011,10,17,13:45:23,@samsung, @apple, you do realise you're just really pissing off the customer base AS WELL AS looking petty.",apple,negative
2011,10,17,13:43:22,@Apple - why do I have to have apps I am updating in their original 'folder' location? That was painful.",apple,negative
2011,10,17,13:41:22,@apple domain fail. Open 2 hrs late for walk in ppl. Store was empty and i only need a skin 4 my screen. You represent customer service FAIL',apple,negative
2011,10,17,13:07:39,@BrianMincey @apple the chipsets tear through battery life. Coworker has a htc thunderbolt that he gets about 3 hours of life.',apple,negative
2011,10,17,10:11:21,I wish the Apple updater would stop trying to ram iTunes down my throat. I don't own a pissing iPhone @apple",apple,negative
2011,10,17,09:18:27,Is it me or does my #iPhone run slower since the #iOS 5 update? @apple @Verizon',apple,negative
2011,10,17,08:12:36,Just searching with my voice on my 2 year old nexus one @apple.',apple,negative
2011,10,17,08:08:09,@apple, your update server has been timing out for a week. i had to force a restore w/the new #iOS5 software. lost all my stuff. thanks!',apple,negative
2011,10,17,06:43:09,I am very upset about and inconvenienced by this iphone update failed backup. @iphone @apple',apple,negative
2011,10,17,06:35:04,but seriously @apple finance me a damn phone you greedy bastards! OR Santa...get your jolly ass in gear and get us a 4S - white plz',apple,negative
2011,10,17,06:23:28,My schedule is 2 busy 2 spend UNquality time with @ATT @Apple 2 recover Iphone again-The mo' mobile I get the mo' immobile I is. Sync Not!",apple,negative
2011,10,17,06:08:16,Pondering the iOS update... From the sounds of @MikeFerri's difficulties, I may just hold off :/ @Apple, FIX IT!",apple,negative
2011,10,17,05:38:18,@twalve @apple you know the issues they have with DST and alarms :p',apple,negative
2011,10,17,05:33:17,Why book @Apple Genius Bar if after 2.5 hours you still can't be served. Disappointing Apple Store Sydney. #thanksfornothing",apple,negative
2011,10,17,05:31:59,Apparently @Apple genius training doesn't extend to clocks & service. They're half an hour late for my appointment and couldn't let me know?",apple,negative
2011,10,17,00:36:14,Wow. iCloud's mail is down. 1st the iOS 5 upgrade issues and now this. I really hope this isn't @apple without Steve Jobs.",apple,negative
2011,10,17,00:27:57,@apple  why don't you guys test your upgrades before you put them out. 15 1/2 hrs u guys wasted of my time yesterday. Thanks.",apple,negative
2011,10,16,23:57:40,what is going on with all my @Apple products?! First my #iPad freezes (still is frozen) and then my #iPhone won't turn on!!! #techieTroubles",apple,negative
2011,10,16,23:39:09,#iPad in perpetual restore loop after trying to upgrade to #iOS5 :(@apple sux without steve',apple,negative
2011,10,16,23:38:01,2nd @apple genius apptment running late 2nd day in row for 2nd dodgy iPod . You make mega $$$ hire some staff.',apple,negative
2011,10,16,23:21:53,It took @apple about 7 years just to figure out how to properly syncronize an iPhone.  WOW!  #ios5',apple,negative
2011,10,16,23:17:55,@apple So I went to the 5th Ave store and was told I could wait about 4 hours to get a 4S. Needless to say I'm back at the hotel relaxing.",apple,negative
2011,10,16,23:09:55,Terrible customer service at Los Gatos @Apple! Why do I have to pay $199 for a bad home button on my iPhone?!?',apple,negative
2011,10,16,23:03:00,@Apple thank you for sucking so much. I cannot believe you would sell something online that isn't made",apple,negative
2011,10,16,21:54:21,@Apple, #iOS5 on iPhone2 causes Camera apperature dilation problems & freeze.',apple,negative
2011,10,16,21:48:52,@Apple, #iOS5 #geolocation Suburbs with 2 words drops Map Pins in other States! Please fix.',apple,negative
2011,10,16,21:15:49,Sorry @apple, but #iMessage will never be what #BBM is. Disappointed.',apple,negative
2011,10,16,20:11:07,@semilshah yeah except that when you ask for a receipt, it takes them 30 minutes to figure out where it printed out. Fix that, @Apple!',apple,negative
2011,10,16,20:04:42,Bummer!  My @Yahoo! iPad fantasy football app keeps crashing; not sure if it's the app or the new @apple iOS 5. Only two apps running.",apple,negative
2011,10,16,19:55:25,@Apple can suck my dick gotta restore my ipad #annoyed',apple,negative
2011,10,16,19:40:23,@nansen Man, that sux! @apple io5 upgrade a total #fail for you!',apple,negative
2011,10,16,19:37:12,Dear @Apple Contacts, you are terrible. I just cleaned duplicates for 3 hours and they magically reappeared. Fix it.',apple,negative
2011,10,16,19:18:10,Pissed with whoever designs keyboards with @apple for not having a home and end key.  working on the CLI i use those keys often',apple,negative
2011,10,16,19:08:18,@NoVaTyler @apple Most of mine are gone too! Not recovered after I saved them b4 I upgraded my iPhone! Soooo pissed!',apple,negative
2011,10,16,18:54:30,hey @apple do you wanna fix my fucking playlist order, you piece of shit',apple,negative
2011,10,16,18:43:33,Siri is having a hard time remembering who my sister is. contact card needs space for family info. #iPhone4S @apple',apple,negative
2011,10,16,18:42:18,#ios5 getting sloppy @apple. U need to check your QA team. Too many issues with apps, data and syncing',apple,negative
2011,10,16,18:35:35,RT @nansen: so this SMS full message is known @apple issue with new iOS5 update. trying restore. When all else #fail - restore.',apple,negative
2011,10,16,18:03:51,not happy with @apple right now. the upgrade to my itouch4 took out my itouch and laptop. #help',apple,negative
2011,10,16,17:36:26,@twitter can you look at problem on iPad where it won't open @ messages. It just crashes the app. You too @apple maybe your fault.",apple,negative
2011,10,16,17:16:29,@apple What's the point of iCloud wireless updates when ios5 now forces me to use the computer to charge my ipod touch now? #worstupdateever",apple,negative
2011,10,16,16:22:14,@robert_terpstra no worries bud, ps: they're saying that the 4s is having a lot of network issues right now. (I'm @apple for mac problems)",apple,negative
2011,10,16,16:06:07,I hate you @apple for not sending Toledo,oh @bestbuy any @iPhone for @verizon even after I pre ordered!!!',apple,negative
2011,10,16,15:50:10,Why is the new @apple iPhone OS duplicating all my iCal events? There's 2 of everything. How do I fix it? (tried turning iCloud off)",apple,negative
2011,10,16,15:46:18,Dear @Apple, how convenient/handy/thoughtful/smart that after iPhone #ios5 update you're apps won't work anymore! (none!!!) :( #gr%\\mbl^.%)",apple,negative
2011,10,16,15:05:35,Hey @Apple...I know Steve Jobs died & all but my Twitter for iPad app keeps crashing...Fix it...NOW..please..lol -F.Light',apple,negative
2011,10,16,14:58:13,@apple not happy with Apple today. I did the suggested software update and now nothing works!!!',apple,negative
2011,10,16,14:46:27,Smashed yet another #iPhone screen. When are @apple gonna make the phone more durable!!! Tired of fixing it myself!!!',apple,negative
2011,10,16,13:00:19,I sure as hell better be able to restore my calendar events. Terrible bug apple! @apple #icloud #anothericloudfail',apple,negative
2011,10,16,12:12:58,I really hate that @apple won't let you hide the Newsstand app or move it into a folder. It serves no purpose for me.",apple,negative
2011,10,16,11:29:08,Life was much easier when @apple and @BlackBerry were just fruits!',apple,negative
2011,10,16,10:41:15,@apple No location reminders on ipad2! That was the point of updating to iOS 5',apple,negative
2011,10,16,09:56:09,Comparing @Office #live with @google #apps and @apple #iCloud , I do not see #iCloud leading the crowd. Do you agree ?',apple,negative
2011,10,16,07:42:38,RT @MikeFerri: If @apple doesn't fix iOS5 this week, I'm buying a droid #emptythreats",apple,negative
2011,10,16,07:21:21,If @apple doesn't fix iOS5 this week, I'm buying a droid #emptythreats",apple,negative
2011,10,16,06:52:58,@apple pls launch #Siri on iphone4 .. Disappointed after spending hours for upgrading to iOS5..',apple,negative
2011,10,16,06:29:47,@apple you can suck it you and your fucking iPhones better be glad it's all I like cause the service Is fucking terrible",apple,negative
2011,10,16,05:25:10,This is the first time I've been unhappy with any @apple product... Disappointed, and the Internet seems as confused as I am right now.",apple,negative
2011,10,16,05:22:33,After a week or so with @Apple's #iOS5 I'm considering going back to #jailbroken 4.2 - same features as 5, plus more. Not as stable, though.",apple,negative
2011,10,16,03:13:21,Had issues with #Siri reaching network today. Too many uses or my signal? @apple',apple,negative
2011,10,16,03:12:27,The new iOS5 completely failed at upgrading the phone. Now I'm stuck in this restore loop. Thanks @apple for wasting my day. Can i undo?",apple,negative
2011,10,16,03:12:18,Is it me or does #iPhone4s run a little warm sometimes? @apple',apple,negative
2011,10,16,03:07:20,@apple WTF why can we not add the newsstand to a folder?! We are already in your walled garden, so please don't remind us of it.",apple,negative
2011,10,16,03:04:32,@apple just now seeing none of my Microsoft Office programs work anymore after Lion upgrade. Why??',apple,negative
2011,10,16,02:58:38,Dear @Apple, I don't want the newsstand icon on my screen. #notcool",apple,negative
2011,10,16,02:57:37,@Blackberry does take better quality photos than @Apple iPhone though. I give them that! #photograhersEye',apple,negative
2011,10,16,02:54:53,Ok @iTunesMusic idk wth is up but after syncing my phone my album art is out of order! WTF @Apple!',apple,negative
2011,10,16,02:36:52,@apple I'm still waiting for you to deliver my phone to @sprint",apple,negative
2011,10,16,02:16:32,Asked #Siri "Where\'s Baby Lisa?" and was told "sorry, I\'m having trouble connecting to the network right now." @apple server fail. #ios5',apple,negative
2011,10,16,00:45:36,Only thing #iOS.5 has done is deleted my tiger woods game and made impossible to retrieve. Thanks @Apple!',apple,negative
2011,10,16,00:22:03,yo, @apple, this update is a disaster',apple,negative
2011,10,16,00:20:58,Dear @Apple: You must let me turn off iCloud to save bandwidth and NOT delete EVERY document on my iPad. That's BULLSHIT!",apple,negative
2011,10,15,23:42:23,RT @JoelBurns: Dear @Apple, it's me again. Thank for beautiful new iOS features. But I miss some of the old ones. Lk making calls & texts&gt;(",apple,negative
2011,10,15,22:46:53,RT @leiboaz: Wow, worst @apple customer service experience ever. Arrogant and inept. Bad combo, Biltmore Apple store.',apple,negative
2011,10,15,22:46:29,Wow, worst @apple customer service experience ever. Arrogant and inept. Bad combo, Biltmore Apple store.',apple,negative
2011,10,15,22:24:45,@hbogo @apple - why don't you play nice and let me use HDMI from iPad?  Pretty lame.",apple,negative
2011,10,15,22:19:14,Warning: if iphone apps spontaneously loose data, it might not be the app's fault - http://t.co/1SEsvWwm #ios5downgrade @apple @marcoarment",apple,negative
2011,10,15,21:59:44,@apple why does #iPhone4 plus #iOS5 equal half the battery life?',apple,negative
2011,10,15,21:51:13,Now @apple won't let me use credit on @iTunes unless I have a credit card. Should have told me when I redeemed the cards. Sound fair to you?",apple,negative
2011,10,15,20:52:22,@amandbrar @apple Siri has worked for me less than 10% of the time. If service doesn't improve by Monday, I'm returning my iPhone 4S.",apple,negative
2011,10,15,20:48:01,@azrael: RT @DavideGori: And again #MobileMe is down. Issues when syncing, accessing mail... is this a good premise for #iCloud? @Apple, ...',apple,negative
2011,10,15,20:40:01,need @apple help!! installing new ios on #iphone4 and am stuck on the Find My iPhone screen :( i keep clicking next but it doesn't work",apple,negative
2011,10,15,20:37:55,Bummer that @Apple #iCloud syncs on Windows only w/ Outlook (not Thunderbird) & IE (not Firefox, Chrome). #sadmac',apple,negative
2011,10,15,20:29:46,Disappointing visual merchandising, @apple. Simple, but lacks elegance. And sequence doesn't even tell us about #Siri. http://t.co/XV2q3gfi",apple,negative
2011,10,15,20:21:49,has been on terminal hold with @apple support!  She must not be the only person having trouble with the new iphone and synching!',apple,negative
2011,10,15,20:13:09,@apple thanks apple for ios 5 and losing all my contacts!',apple,negative
2011,10,15,20:08:38,@apple give me my apps back!!!',apple,negative
2011,10,15,20:05:24,@tomcolontonio @apple #EPICFAIL',apple,negative
2011,10,15,18:30:01,90 minutes after being at 100% my iPhone 4 (post #ios5 upgrade) has lost 40% of its charge and the @apple store folks are out of ideas.',apple,negative
2011,10,15,18:25:01,So "cutting the cord" makes podcasts even harder to manage?!? No subscriptions! WTH, @Apple? http://t.co/LD2i871x #iOS5 (via @carrypad)',apple,negative
2011,10,15,17:58:08,In less than an hour my post- #iOS5 iPhone has gone from 100% to 73% battery charge and the @apple store folks have no solution for me :(',apple,negative
2011,10,15,17:57:50,Well @apple seems 2b screwing #iphone 4s resellars. They still dont have 4s. Yet were promised. Similar 2 Ma Bell's monopolistic prctices?",apple,negative
2011,10,15,17:49:57,Also @EricGreenspan, don't forget @Apple stop closing the app store after each bloody purchase...",apple,negative
2011,10,15,17:44:09,@apple cu',apple,negative
2011,10,15,17:26:32,*sigh* @apple store seems stumped what to do about my catastrophically bad battery life after upgrading to #ios5',apple,negative
2011,10,15,16:30:17,Hmmmm a lot of #Siri features don't work in Canada. Location and directions? Seriously @apple come on!",apple,negative
2011,10,15,16:24:55,@apple, #siri can't connect to the network -- it's LESS useful that VoiceControl now... :(",apple,negative
2011,10,15,16:22:14,@apple took my Siri and made it exclusive to iPhone 4S  #SoRude',apple,negative
2011,10,15,15:48:52,total time on the phone with @apple: 1 hour 27 minutes. let's see how this goes.",apple,negative
2011,10,15,15:46:43,Waited in line for nothing, fucking genius @Apple called an app for "John" not "jean" stop fucking up my name im not a French boy. #PCam ...',apple,negative
2011,10,15,15:25:10,It's been 24hrs since I reported @ups theft of my iPhone and @apple has done nothing. No return call as promised. Nothing.",apple,negative
2011,10,15,15:22:38,This does not bode well. After charging all night, my @Apple iPhone 4S has 25% battery after only 3hr off charger with no calls & light use',apple,negative
2011,10,15,15:13:37,Houston we have a problem!! My iPad has been restoring for 12+ hours after installing @apple IOS5. This can't be right....",apple,negative
2011,10,15,15:00:43,#Siri went down for a little while last night. Come on @apple! Get your shit together on this launch!',apple,negative
2011,10,15,13:39:49,Installed io5 - fine on ipad but wiped wife's iPhone and restore from backup failed! #Bigtrouble #help @apple",apple,negative
2011,10,15,08:42:11,DAMN YOU !!! @apple',apple,negative
2011,10,18,22:00:51,@Late_Show I would have watched but the folks at @apple have a jihad against adobe flash. Plse consider a YouTube link in future on UR site',apple,neutral
2011,10,18,21:53:26,Hey @apple, androids releasing brand new state of the art phones, whens your new phone come out? What's that? (cont) http://t.co/2sko9l3d",apple,neutral
2011,10,18,21:49:37,.@Apple has a record quarter and because a bunch of professional guessers (aka analysts) wanted more, its a disappointment #wtf',apple,neutral
2011,10,18,21:31:03,Interesting read on war b/w @Apple & @Samsung- http://t.co/Vt9d24Yi -using latter, agree lack of innovation, but better specs at same price!',apple,neutral
2011,10,18,21:23:00,RT @adamnash: The takeaway from the @Apple earnings call?  Even Apple needs a new iPhone release every 12 months to stay competitive. cc ...',apple,neutral
2011,10,18,21:21:52,The takeaway from the @Apple earnings call?  Even Apple needs a new iPhone release every 12 months to stay competitive. cc: @hblodget',apple,neutral
2011,10,18,21:21:13,Today's headline: @apple reports lower 4Q earnings. Headline in 3 months: @Apple reports record Q1 earnings.",apple,neutral
2011,10,18,21:14:52,Win an @Apple iPod Touch from @Mommy_gaga, get the @Pampers Hello World Baby Memories App! http://t.co/XVcch6Os #PampersHelloApps"',apple,neutral
2011,10,18,21:05:24,Is it JUST a coincidence that @Apple named their virtual assistant after Tom and Katie's robot daughter?",apple,neutral
2011,10,18,20:58:51,Good or Bad results for @Apple ? Depends on who you ask apparently http://t.co/yDH8ffxE',apple,neutral
2011,10,18,20:53:20,Interesting times when increasing your revenue from $20B to $28B in a recession is considered a disappointment. @apple',apple,neutral
2011,10,18,20:09:18,RT @CRMStrategies: Great Tech War of 2012 http://t.co/64jGRoBp @FastCompany profiles @Amazon @Apple @Google @Facebook on @CNBC /ht @phil ...',apple,neutral
2011,10,18,20:01:33,@apple gonna see if anyone stayed logged into their fb or twitter #TroubleMaker',apple,neutral
2011,10,18,19:49:53,If you've been struggling to get hold of me, I'm back online with a new iPhone - thanks @apple",apple,neutral
2011,10,18,19:44:19,Hey @Apple, pretty much all your products are amazing. You blow minds every time you launch a new gizmo. That said, your hold music is crap.',apple,neutral
2011,10,18,19:42:56,Amazing story of @dropbox and @apple http://t.co/r4oDCwvY',apple,neutral
2011,10,18,19:38:11,Great Tech War of 2012 http://t.co/64jGRoBp @FastCompany profiles @Amazon @Apple @Google @Facebook on @CNBC /ht @philsimon',apple,neutral
2011,10,18,19:33:11,@Jake_Gyllenhaal So you've made up with @Apple?",apple,neutral
2011,10,18,19:20:28,@Apple to shut stores!!! C'mon, Only Wednesday for @SteveJobs memorial.",apple,neutral
2011,10,18,19:12:08,@Motorola is the Best Android-powered company that is going against @Apple.',apple,neutral
2011,10,18,18:46:55,Apple Users Get The official Kalifornia Cavi App on your Apple Device now on  - powered by @Apple - Download it free http://t.co/HlGnvlRw',apple,neutral
2011,10,18,18:45:21,The official Kalifornia Cavi Mobil App is now available on the app store - powered by @Apple - Download it free http://t.co/HlGnvlRw',apple,neutral
2011,10,18,18:44:44,#Win an @Apple iPod Touch from @Mommy_gaga, get the @Pampers Hello World Baby Memories App! http://t.co/I6woujUh #PampersHelloApps',apple,neutral
2011,10,18,18:29:05,@Apple #RIPSteve RT @davepeck: Steve Jobs and the Seven Rules of Success http://t.co/4nLRLdWy',apple,neutral
2011,10,18,18:15:42,Stay young, stay foolish. But take ownership when u f*ck up, don't complain, and never give up. #resilience @apple",apple,neutral
2011,10,18,18:13:09,Dear @motorola, I smell a lawsuit coming your way. cc: @apple #motoactv',apple,neutral
2011,10,18,18:04:32,RT @hofmania: I just paid someone to wait in line at the @apple store this morning for me on @zaarly #putapriceonconvenience #iphone htt ...',apple,neutral
2011,10,18,17:46:03,@apple Why don't you have a wireless remote for Keynote presentations w a MacBook Air?  Nobody wants to see the pith man navigate w a iPhone",apple,neutral
2011,10,18,17:28:09,#Win an @Apple iPod Touch from @Mommy_gaga, get the @Pampers Hello World Baby Memories App! http://t.co/YUydxo1t #PampersHelloApps',apple,neutral
2011,10,18,17:24:19,dear @apple please invent "FaceTime Voicemails." sincerely, haendel balzora jr. #apple',apple,neutral
2011,10,18,17:19:19,RT @jesperordrup: Hi @apple. Household has 4 iphones, 2 ipads, 2 minis, 2 apple tv, AirPorts, Timecapsule +. Whats a usable iPhoto shari ...',apple,neutral
2011,10,18,17:19:07,Couldnt help it & explored the #iphone4s @apple store & talked to #Siri... Should've tried to speak to her in French?! #nexttime",apple,neutral
2011,10,18,16:40:31,@ATTCustomerCare @att @apple I already have an iPhone 4 with an ATT contract. Can I buy a factory UNLOCKED iPhone 4S with my contract?',apple,neutral
2011,10,18,16:39:48,RT @HowardMortman: .RT @edatpost: .@Apple fan Eric Holder spotted at the Genius Store http://t.co/7vZSIXpy',apple,neutral
2011,10,18,16:18:36,Hi @apple. Household has 4 iphones, 2 ipads, 2 minis, 2 apple tv, AirPorts, Timecapsule +. Whats a usable iPhoto sharing setup? /cc @maddox',apple,neutral
2011,10,18,16:17:06,RT @edatpost: Bah! Genius BAR // RT @edatpost: .@Apple fan Eric Holder spotted at the Genius Store http://t.co/FTLttLPn',apple,neutral
2011,10,18,16:13:50,#motoactiv? Methinks @apple and maybe @Nike are already prepping lawsuits',apple,neutral
2011,10,18,16:09:41,Check this video out -- moe. plays Live on iPads. Video dedicated in memory of #SteveJobs http://t.co/XSiyDnqu @ipad @mac @apple #brilliant',apple,neutral
2011,10,18,16:06:58,Bah! Genius BAR // RT @edatpost: .@Apple fan Eric Holder spotted at the Genius Store http://t.co/FTLttLPn',apple,neutral
2011,10,18,16:00:51,Evolution of @Apple Ads 1975-2002: http://t.co/QTOqOZ42 @thesavoia #stevejobs #tech #art',apple,neutral
2011,10,18,15:53:38,@apple #siri http://t.co/k7b686hX',apple,neutral
2011,10,18,15:51:51,.RT @edatpost: .@Apple fan Eric Holder spotted at the Genius Store http://t.co/LCTPxHF5',apple,neutral
2011,10,18,15:50:24,RT @edatpost: .@Apple fan Eric Holder spotted at the Genius Store http://t.co/FTLttLPn',apple,neutral
2011,10,18,15:47:41,RT @edatpost: .@Apple fan Eric Holder spotted at the Genius Store http://t.co/OshPyV2G',apple,neutral
2011,10,18,15:47:32,.@Apple fan Eric Holder spotted at the Genius Store http://t.co/FTLttLPn',apple,neutral
2011,10,18,15:38:14,RT @DailyDealChat: @bidmyway I like your app for the @apple iPhone very simple and easy to use!',apple,neutral
2011,10,18,15:34:28,@bidmyway I like your app for the @apple iPhone very simple and easy to use!',apple,neutral
2011,10,18,15:33:47,Thanks, @Apple. Now even more people on the bus are talking to inanimate objects. Harder than ever to tell who's crazy and who's hip.",apple,neutral
2011,10,18,15:27:44,Noticed how @apple has added the like & tweet icons on their page? http://t.co/PZoNZeC8 #like #facebook #tweet',apple,neutral
2011,10,18,15:19:57,@rtimbuc thx for publicly coming out out of the @Apple closet ... :)',apple,neutral
2011,10,18,15:18:18,Win an @Apple iPod Touch from @Mommy_gaga, get the @Pampers Hello World Baby Memories App! http://t.co/2XJZaLCs #PampersHelloApps',apple,neutral
2011,10,18,15:13:58,@RIM to release new generation of phones in the new year to contend with @Apple... Hmmm.',apple,neutral
2011,10,18,15:00:26,RT @TimjwDowning: #iOS 5  is a great system but it's taken all day to download @apple",apple,neutral
2011,10,18,14:58:37,Using @Apple's mobile @AirPort Utility http://t.co/TiDpaHYC",apple,neutral
2011,10,18,14:53:31,@Dropbox balked at acquisition by @Apple. My apps thank them. :)  http://t.co/VsYPl9Xu',apple,neutral
2011,10,18,14:48:01,These cos are worth billions: @Apple, @Facebook @Google & @Amazon and they are battling for consumers  http://t.co/4WxPCH9h via @fastcompany',apple,neutral
2011,10,18,14:25:37,Just when #TomCruise thought he had a unique name for his daughter, @Apple pulls the rug out from under him with the new #Siri App.',apple,neutral
2011,10,18,14:24:49,I wonder If the person who has @apple is holding out for apple to buy it from them',apple,neutral
2011,10,18,14:21:55,iOS 5 for iPhone and iPad is Here: Apple's Best Release Yet?  http://t.co/iLYGZ5Ox #ios5 #ios @apple #ipad #tablet",apple,neutral
2011,10,18,14:19:11,The 'Great Tech War': @Apple, @Facebook, @Google, @Amazon battle for the future http://t.co/sVu8cG1M via @fastcompany",apple,neutral
2011,10,18,14:16:23,@BeeeThree I am aye, I wasn't @apple",apple,neutral
2011,10,18,14:15:13,How the community saw #SteveJobs - 12 Most #Community "iCelebrates" Steve Jobs - http://t.co/jJRwIvmc @Apple',apple,neutral
2011,10,18,13:52:21,RT @aplusk: Sending love & light to everyone @Apple & the entire Jobs family.Today we lost a Giant who will be missed even by those who  ...',apple,neutral
2011,10,18,13:51:23,@apple store NY',apple,neutral
2011,10,18,13:49:41,Attending #mobilemem , listening to James Kelley from @apple .',apple,neutral
2011,10,18,13:43:20,Tell how Steve Jobs & @Apple changed your life and $5 will be donated to Pancreatic #Cancer Research! @PanCAN @Pan_Act http://t.co/BWzganje',apple,neutral
2011,10,18,13:42:42,yeah, @apple is updated!! planking photos, #lmaoo http://t.co/IusXJJDq',apple,neutral
2011,10,18,13:41:40,picking up my #iPhone4S in two hours @Apple!',apple,neutral
2011,10,18,13:34:53,@DickCostolo says daily #twitter signups have TRIPLED since the new @apple #iphone4S came out',apple,neutral
2011,10,18,13:33:09,yes, i am live tweeting my @apple tech support call. Isn't this fun?",apple,neutral
2011,10,18,13:09:29,@azee1v1 @apple @umber Better file info/easier to get to, duplication of files when importing. Categorizing files.',apple,neutral
2011,10,18,13:08:13,@AsimRang @apple @umber well so far ive seen it for apps',apple,neutral
2011,10,18,13:08:13,Hello again, iPhone 4!!! Thank you, @apple! Although this should have never broken in the first place! #tsk',apple,neutral
2011,10,18,13:06:33,@AsimRang @apple @umber when you upgrade to ios5 there is a section in app store which lets you download anything you have purchased before',apple,neutral
2011,10,18,13:00:14,@Apple, @Facebook, @Google and @Amazon battle in...The Great Tech War of 2012 http://t.co/uL9zZKv8 by @fmanjoo',apple,neutral
2011,10,18,12:56:33,@AsimRang @apple @umber the podcasts feature works just fine, music purchasing is straight forward, what else do you want?',apple,neutral
2011,10,18,12:53:14,\xe2\x80\x9c@NoVaTyler: @Foreverfit4u amazing how quickly apple went down the poop tube\xe2\x80\x9d It couldn't have 2do w/operator error! #sarcasm Still \xe2\x9d\xa4 @apple",apple,neutral
2011,10,18,12:45:50,RT @Apple We destroying you next RT @therealterica: Duh #TeamAndroid RT @JuanHustle I got a feeling we living in the last days of Blackberry',apple,neutral
2011,10,18,12:25:35,@KaeKaed @Apple Here is an easy way to put Newsstand in a folder http://t.co/yVXmWIbI',apple,neutral
2011,10,18,12:05:51,#Win an @Apple iPod Touch from @Mommy_gaga, get the @Pampers Hello World Baby Memories App! http://t.co/AAP7StHt #PampersHelloApps',apple,neutral
2011,10,18,11:24:43,Been MIA from Twitter.. But now Tweeting from my new @apple iPhone! :) #finallycool #notreally well, It IS ..I'm not :) #stilllearning",apple,neutral
2011,10,18,09:43:57,@Mommy_gaga, #Win an @Apple iPod Touch @Mommy_gaga, get the @Pampers Hello World Baby Memories App! http://t.co/qEATNMpI #PampersHelloApps',apple,neutral
2011,10,18,08:50:33,I wonder if @Apple OSX will get built-in @Twitter @support like iOS5. That would be very helpful at the moment.',apple,neutral
2011,10,18,08:44:58,Spell check needed when saving documents - fingers crossed Steve Jobs left that nugget of technology behind on the @Apple to do list. :)',apple,neutral
2011,10,18,08:32:09,@Apple Stores to close for one hour on October 19 to watch #SteveJobs #memorial http://t.co/fbjqb5RA via @9to5mac #tech #porchista',apple,neutral
2011,10,18,08:24:14,iPhone 4S vs Canon 5D MKII. @apple @canon @iphone http://t.co/PvKqad33',apple,neutral
2011,10,18,08:16:00,@Samsung wants to ban @Apple iPhone 4S in Japan and Australia. http://t.co/hWA4tWIc #smartphonewar',apple,neutral
2011,10,18,07:59:42,Siri says some weird things | This is my next... http://t.co/H8n7caSg via @verge @hasanga @mohoisham @apple #Siri #LMFAO',apple,neutral
2011,10,18,07:44:34,@apple karaoke ceel w/ @nandamaulida @putriasmara @galuhoktriana @milatus :p',apple,neutral
2011,10,18,06:44:11,I have 4 @Apple products...',apple,neutral
2011,10,18,06:06:08,Stay hungry, stay foolish. Steve Jobs, founder @Apple #WinningWithEL',apple,neutral
2011,10,18,05:45:02,RT @thejjmg: My friend @bm88 found this article on the #ios5 battery drain problem http://t.co/Iqa0ipVt @Apple ah mines being sinking...',apple,neutral
2011,10,18,05:19:45,iSteps @apple store bologna http://t.co/WjjBq7Ae',apple,neutral
2011,10,18,05:11:13,How I manage my businesses/life: @pivotaltracker, @37signals, @twitter, @googleapps, @apple, @dropbox, @wordpress, @dreamhost THX',apple,neutral
2011,10,18,04:16:15,Just realized Apple doesn't even have @Apple on lock. This dude R.J. Pittman waiting for thee fattest check.",apple,neutral
2011,10,18,04:10:45,Hey @Apple, could you hook the voice memos app on the iPhone up with fine scrubbing? Journalists need love too.',apple,neutral
2011,10,18,04:04:02,Dear @Apple\xe2\x80\xa6 If I make love to iCloud will ALL THE THINGS have my babies?',apple,neutral
2011,10,18,03:44:43,POLL: http://t.co/GcrpUKwF Q:R U pissed @Apple banned this video? #Apple #iPhone4S #Siri #F8ball',apple,neutral
2011,10,18,03:44:42,POLL: http://t.co/9q2Er1w9 Q:R U pissed @Apple banned this video? #Apple #iPhone4S #Siri #F8ball',apple,neutral
2011,10,18,03:44:31,More Twitter buzz for Apple Store: http://t.co/hLybd7uc - RT @ji_lee started out as a trip to the @apple store. turned into a spontaneou...',apple,neutral
2011,10,18,03:42:50,My friend @bm88 found this article on the #ios5 battery drain problem http://t.co/zMX85Fkd @apple',apple,neutral
2011,10,18,03:17:50,"#Win an @Apple iPod Touch from @Mommy_gaga, get the @Pampers Hello World Baby Memories App! http://t.co/r0WYm1jX #PampersHelloApps"',apple,neutral
2011,10,18,02:59:10,Dear @apple, why did my #Apple ID change to my colleagues&#39; when I charged on her Mac? Now can&#39;t download or update apps. #iPhone',apple,neutral
2011,10,18,02:41:55,You know you\'ve gone @Apple overboard when you misread a @Yelp review as "iPad Thai." #fb',apple,neutral
2011,10,18,02:28:11,started out as a trip to the @apple store. turned into a spontaneous fun evening w @MolleyMoody. we danced while trying on outfits. #girls',apple,neutral
2011,10,18,02:12:21,RememberiN wen @apple and @blackberry were just fruit#nostalgia',apple,neutral
2011,10,18,01:42:27,The new @apple #find my friends app is great.... except the part where you have to log in everytime. Get back to me when this is changed...',apple,neutral
2011,10,18,01:42:05,One thing I want from #ios is searching in the add bar similar to what Firefox or droid phones do. But thnx for a talking Google @apple ...',apple,neutral
2011,10,18,01:40:30,Gee, I can't imagine that the maps app graphic from this Samsung website will help their court cases vs. @Apple: http://t.co/PmanMoAh",apple,neutral
2011,10,18,01:38:54,Would you look at that.. @SouthwestAir does @Apple style welcomes as well. http://t.co/t0TrFnk8 #customerappreciation #custserv',apple,neutral
2011,10,18,01:27:36,RT @fredbenenson: Hey @twitter and @apple, this is pretty dumb. http://t.co/kubkPO0T',apple,neutral
2011,10,18,01:26:46,got the new @apple update',apple,neutral
2011,10,18,01:20:05,A brick n mortar @Google store? Coming soon to London, US next? Copying @Apple business model? http://t.co/l4VTHsv5',apple,neutral
2011,10,18,01:19:51,Hey @twitter and @apple, this is pretty dumb. http://t.co/kubkPO0T',apple,neutral
2011,10,18,01:17:08,If the iPhone 4 case fits the 4S why is @nlevenbrown @apple buying a new one?',apple,neutral
2011,10,18,01:16:29,@apple store to get my phone fixed... ppl lined up for 4s http://t.co/aUHQLiVy',apple,neutral
2011,10,18,01:16:09,@Apple why no Macbook mirroring onto AppleTV via #Airplay?',apple,neutral
2011,10,18,01:07:23,@ATT just so I have this right.I pre-ordered an iphone last wk and it will be here in a month. I could buy in an @apple store today.really?',apple,neutral
2011,10,18,00:54:07,@apple please bring back the old Siri app for us old school iPhone 3 users!',apple,neutral
2011,10,18,00:43:15,Upgrading my #iPad to #iOS5. When @Apple said it could take a couple of hours to install and restore it, they weren't kidding.",apple,neutral
2011,10,18,00:37:00,Yeah, there's no @apple twitter account.",apple,neutral
2011,10,18,00:35:33,POLL: http://t.co/Wu6EsvT5 Q:Should @Microsoft consider making its own hardware for #Windows like @Apple does? #Microsoft #Windows #Appl ...',apple,neutral
